,Unweighted_R,Weighted_R
0,0.23630744,0.23559648
