,Unweighted_R,Weighted_R
0,-0.0018765926,-0.001404047
