,Unweighted_R,Weighted_R
0,0.004022777,0.0041773915
