,Unweighted_R,Weighted_R
0,0.013489962,0.013362408
