,Unweighted_R,Weighted_R
0,-4.3992292527647155e+17,-2.388051886332524e+17
