,Unweighted_R,Weighted_R
0,0.718019689128826,0.695571461662317
