,Unweighted_R,Weighted_R
0,0.22407449108292377,0.223031776447847
