,Unweighted_R,Weighted_R
0,0.21090996,0.20706671
