,Unweighted_R,Weighted_R
0,0.20194901141672839,0.19924906489814587
