,Unweighted_R,Weighted_R
0,-3.8898297135589477,-5.311343032842647
