,Unweighted_R,Weighted_R
0,0.0005501121190780722,0.0009777189207987869
