,Unweighted_R,Weighted_R
0,-913.3646538092833,-1134.9770051070866
