,Unweighted_R,Weighted_R
0,-3.191252782652754e-05,-3.164571310421138e-05
