,Unweighted_R,Weighted_R
0,0.0012503487730507468,0.0014949983177657833
