,Unweighted_R,Weighted_R
0,0.26207483,0.26144898
