,Unweighted_R,Weighted_R
0,0.0006865859,0.0007919073
