,Unweighted_R,Weighted_R
0,0.002037406,0.0021528006
