,Unweighted_R,Weighted_R
0,0.010613382,0.010878563
