,Unweighted_R,Weighted_R
0,0.24065053,0.23737437
